01	suspense	Nadie va a venir a salvarte. Levántate y hazlo tú.
02	emocion	El dolor de hoy es la fuerza de mañana.
03	suspense	Mientras ellos duermen, tú construyes.
04	emocion	No pares cuando estés cansado. Para cuando hayas terminado.
05	suspense	Disciplina hoy, libertad mañana.
06	emocion	Tu competencia no es otra persona. Es la versión de ayer.
07	suspense	Si fuera fácil, todos lo harían.
08	emocion	Cada no te acerca a un sí.
09	suspense	Hazlo con miedo, pero hazlo.
10	emocion	El éxito es la suma de pequeños esfuerzos diarios.
11	suspense	No cuentes los días. Haz que los días cuenten.
12	emocion	Lo que hoy duele, mañana te hará fuerte.
13	suspense	Ellos se rieron. Ahora preguntan cómo lo hiciste.
14	emocion	Tu única limitación eres tú.
15	suspense	Empieza ahora. No cuando estés listo.
